velocity_mps,angle_deg,range_m,max_height_m,time_of_flight_s,impact_velocity_mps,impact_angle_deg,v0x_mps,v0y_mps
3,0,2.7091418459143854,4.0,0.9030472819714618,9.353074360871938,71.29170319138652,3.0,0.0
3,1,2.7247854809906875,4.000139718573601,0.9084001807443582,9.353074360871938,71.29465830588374,2.999543085469174,0.052357219311850535
3,2,2.7396789715649916,4.0005587040688475,0.9137829757542371,9.353074360871936,71.30352243968998,2.998172481057287,0.1046984901075029
3,3,2.75380276736527,4.001256446016451,0.9191939791907091,9.353074360871936,71.3182919651277,2.9958886042637216,0.1570078687288315
3,4,2.767137320600679,4.002232094325327,0.9246314626380646,9.353074360871938,71.33896084065894,2.9926921507794724,0.2092694212323759
3,5,2.779663111711669,4.003484460318301,0.9300936577412143,9.353074360871938,71.36552061775605,2.988584094275237,0.2614672282429745
3,6,2.7913606758517475,4.005012018180319,0.9355787569389817,9.353074360871936,71.39796045048863,2.9835656861048196,0.3135853898029604
3,7,2.802210630061102,4.006812906817432,0.9410849142639302,9.353074360871938,71.43626710779452,2.977638454923966,0.3656080302154424
3,8,2.8121937010893423,4.008884932124239,0.9466102462077328,9.35307436087194,71.48042498839442,2.9708042062247113,0.41751930288019634
3,9,2.821290753821807,4.011225569657075,0.9521528326509084,9.353074360871934,71.53041613830031,2.9630650217854133,0.46930339512069263
3,10,2.8294828202611684,4.0138319677096534,0.9577107178555736,9.353074360871938,71.58622027086065,2.954423259036624,0.520944533000791
3,11,2.8367511290134884,4.016700950787435,0.9632819115196977,9.353074360871938,71.64781478927628,2.944881550342992,0.5724269861296344
3,12,2.84307713522546,4.0198290234764675,0.9688643898911866,9.353074360871936,71.71517481151427,2.934442802201417,0.623735072453278
3,13,2.8484425509172953,4.023212374702026,0.974456096939969,9.353074360871938,71.78827319753911,2.9231101943557056,0.674853163031595
3,14,2.8528293756535827,4.026846882371806,0.9800549455861142,9.353074360871936,71.86708057877436,2.9108871788279895,0.7257656867990032
3,15,2.856219927492547,4.0307281183980646,0.9856588189818828,9.353074360871938,71.95156538970157,2.897777478867205,0.7764571353075622
3,16,2.858596874152359,4.034851354092563,0.9912655718454793,9.353074360871938,72.04169390149717,2.8837850878149567,0.8269120674509975
3,17,2.8599432643316103,4.039211565927743,0.9968730318441699,9.353074360871936,72.1374302576036,2.868914267889106,0.8771151141682103
3,18,2.8602425591197096,4.043803441657122,1.0024790010243212,9.353074360871938,72.2387365111254,2.8531695488854605,0.9270509831248421
3,19,2.8594786634317795,4.048621386787449,1.008081257285823,9.353074360871938,72.34557266393756,2.8365557267979504,0.9767044633714701
3,20,2.857635957401729,4.05365953139473,1.013677555898281,9.353074360871938,72.45789670738985,2.8190778623577253,1.0260604299770062
3,21,2.8546993276664208,4.058911737275827,1.019265631056293,9.353074360871938,72.57566466448742,2.8007412794916053,1.0751038486359008
3,22,2.8506541984733182,4.064371605426914,1.0248431974710643,9.353074360871936,72.69883063342638,2.7815515637003623,1.123819780247736
3,23,2.8454865625437398,4.070032483839679,1.030407951995572,9.353074360871936,72.82734683236076,2.761514560357321,1.1721933854678213
3,24,2.839183011623691,4.075887475605767,1.035957575280449,9.353074360871938,72.96116364527633,2.7406363729278027,1.2202099292274007
3,25,2.831730766654427,4.081929447319601,1.041489733457741,9.353074360871936,73.10022966884584,2.7189233611099497,1.2678547852220983
3,26,2.8231177074951797,4.088151037769345,1.0470020798496678,9.353074360871938,73.244491760141,2.6963821388975013,1.3151134403672322
3,27,2.8133324021310315,4.094544666905397,1.0524922566995196,9.353074360871938,73.39389508507564,2.673019572565104,1.3619714992186402
3,28,2.8023641352996735,4.101102545075516,1.0579578969218322,9.353074360871938,73.54838316745693,2.648842778576781,1.4084146883576725
3,29,2.790202936471669,4.1078166825153195,1.0633966258689886,9.353074360871938,73.70789793852192,2.623859121418187,1.4544288607390112
3,30,2.7768396071200065,4.114678899082569,1.0688060631114336,9.35307436087194,73.87237978683925,2.598076211353316,1.4999999999999998
3,31,2.762265747215996,4.12168083422342,1.0741838242287136,9.353074360871936,74.0417676084579,2.571501902106337,1.5451142247301624
3,32,2.7464737808900654,4.128813957158469,1.0795275226086025,9.353074360871936,74.21599885718797,2.544144288469278,1.5897577926996147
3,33,2.7294569811976177,4.136069577276192,1.0848347712516186,9.353074360871936,74.3950095949012,2.516011703836272,1.6339171050450814
3,34,2.711209493931949,4.143438854721121,1.0901031845783022,9.353074360871936,74.57873454174292,2.4871127176651253,1.6775787104122406
3,35,2.6917263604281505,4.150912811163837,1.095330380236682,9.353074360871938,74.76710712615086,2.4574561328669753,1.7207293090531381
3,36,2.6710035393040163,4.158482340739691,1.1005139809074318,9.353074360871938,74.96005953457974,2.4270509831248424,1.7633557568774194
3,37,2.6490379270861895,4.16613822114289,1.10565161610429,9.353074360871938,75.15752276083602,2.3959065301418785,1.8054450694561448
3,38,2.6258273776721355,4.173871124862461,1.1107409239674013,9.353074360871938,75.35942665493087,2.364032260820166,1.846984425976975
3,39,2.601370720580947,4.1816716305463855,1.1157795530473118,9.353074360871936,75.56569997136441,2.3314378843709127,1.8879611731495123
3,40,2.57566777794858,4.189530234480062,1.1207651640774496,9.353074360871934,75.77627041675935,2.298133329356934,1.9283628290596178
3,41,2.5487193802257164,4.197437362165123,1.1256954317330012,9.353074360871938,75.991064696767,2.264128740668316,1.9681770869715218
3,42,2.520527380539197,4.205383379984483,1.1305680463741894,9.35307436087194,76.2100085621738,2.229434476432183,2.0073918190765747
3,43,2.491094667680755,4.213358606939421,1.1353807157720586,9.353074360871938,76.4330268541417,2.1940611048575116,2.0459950801874953
3,44,2.460425177689627,4.2213533264443805,1.1401311668149539,9.353074360871938,76.66004354852066,2.1580194010159537,2.0839751113769918
3,45,2.428523903998522,4.229357798165138,1.1448171471939885,9.353074360871936,76.89098179917738,2.121320343559643,2.121320343559643
3,46,2.3953969061153924,4.237362269885894,1.1494364270658817,9.353074360871938,77.12576398028867,2.0839751113769918,2.1580194010159537
3,47,2.3610513168164142,4.245356989390854,1.1539868006916454,9.353074360871938,77.36431172755387,2.0459950801874953,2.1940611048575116
3,48,2.325495347828601,4.253332216345792,1.1584660880496953,9.35307436087194,77.60654597828513,2.0073918190765747,2.229434476432183
3,49,2.2887382939834917,4.261278234165152,1.1628721364220456,9.353074360871936,77.85238701033988,1.9681770869715218,2.264128740668316
3,50,2.250790535826404,4.269185361850214,1.1672028219523503,9.353074360871936,78.1017544798643,1.9283628290596182,2.298133329356934
3,51,2.211663540668749,4.277043965783889,1.1714560511746295,9.353074360871938,78.35456745782166,1.8879611731495125,2.3314378843709127
3,52,2.1713698620739676,4.284844471467814,1.1756297625116177,9.353074360871938,78.61074446528401,1.846984425976975,2.3640322608201663
3,53,2.129923137770635,4.292577375187386,1.1797219277417466,9.353074360871938,78.8702035074701,1.805445069456145,2.3959065301418785
3,54,2.0873380859892943,4.300233255590584,1.183730553433862,9.353074360871934,79.13286210651684,1.7633557568774194,2.4270509831248424
3,55,2.043630500222553,4.307802785166437,1.1876536823488506,9.353074360871936,79.39863733297588,1.7207293090531381,2.4574561328669753
3,56,1.9988172424109034,4.3152767416091535,1.1914893948074265,9.353074360871938,79.66744583603092,1.6775787104122404,2.4871127176651253
3,57,1.952916234559656,4.3226460190540825,1.1952358100234057,9.353074360871938,79.93920387243503,1.6339171050450814,2.516011703836272
3,58,1.905946448795221,4.329901639171807,1.1988910874018595,9.353074360871938,80.21382733417136,1.5897577926996147,2.544144288469278
3,59,1.857927895871801,4.337034762106856,1.2024534278016037,9.353074360871938,80.49123177484351,1.5451142247301624,2.571501902106337
3,60,1.8088816121423226,4.344036697247706,1.205921074761548,9.353074360871938,80.77133243480614,1.5000000000000004,2.598076211353316
3,61,1.758829645010151,4.350898913814955,1.2092923156904838,9.353074360871938,81.0540442650482,1.4544288607390112,2.623859121418187
3,62,1.7077950368808015,4.357613051254758,1.2125654830199413,9.353074360871936,81.33928194984577,1.4084146883576727,2.6488427785767805
3,63,1.6558018076354237,4.364170929424879,1.2157389553198088,9.35307436087194,81.62695992820258,1.3619714992186405,2.6730195725651034
3,64,1.6028749356504097,4.370564558560931,1.2188111583764385,9.353074360871938,81.91699241410049,1.3151134403672324,2.6963821388975013
3,65,1.549040337389906,4.376786149010674,1.2217805662330254,9.353074360871938,82.20929341558359,1.2678547852220983,2.7189233611099497
3,66,1.4943248456004286,4.382828120724509,1.224645702192072,9.353074360871938,82.5037767527023,1.2202099292274007,2.7406363729278027
3,67,1.4387561861390854,4.388683112490596,1.2274051397797976,9.353074360871938,82.80035607434587,1.1721933854678213,2.761514560357321
3,68,1.382362953469173,4.39434399090336,1.2300575036723804,9.353074360871936,83.09894487399404,1.1238197802477359,2.7815515637003623
3,69,1.3251745848590863,4.399803859054448,1.2326014705839596,9.35307436087194,83.39945650441959,1.075103848635901,2.8007412794916053
3,70,1.2672213333225488,4.405056064935546,1.235035770116334,9.353074360871936,83.70180419137631,1.0260604299770064,2.819077862357725
3,71,1.208534239340246,4.410094209542827,1.2373591855703479,9.353074360871938,84.00590104630741,0.9767044633714703,2.8365557267979504
3,72,1.149145101404802,4.414912154673154,1.2395705547189426,9.353074360871934,84.31166007811173,0.9270509831248424,2.8531695488854605
3,73,1.089086445432962,4.419504030402532,1.2416687705419025,9.353074360871938,84.6189942040056,0.8771151141682103,2.868914267889106
3,74,1.0283914930905649,4.423864242237713,1.2436527819223135,9.353074360871938,84.92781625952004,0.8269120674509975,2.8837850878149567
3,75,0.9670941290776068,4.42798747793221,1.2455215943047924,9.353074360871938,85.23803900767368,0.7764571353075622,2.897777478867205
3,76,0.9052288674222745,4.431868713958469,1.247274270315528,9.353074360871938,85.54957514736284,0.725765686799003,2.9108871788279895
3,77,0.8428308168343599,4.43550322162825,1.2489099303442115,9.353074360871938,85.86233732101113,0.6748531630315948,2.9231101943557056
3,78,0.7799356451698842,4.438886572853808,1.2504277530879204,9.353074360871938,86.17623812152172,0.6237350724532784,2.9344428022014166
3,79,0.7165795430601034,4.442014645542842,1.2518269760570357,9.353074360871938,86.49119009857611,0.5724269861296347,2.944881550342992
3,80,0.6527991867593321,4.444883628620621,1.2531068960432696,9.353074360871938,86.80710576432364,0.5209445330007912,2.954423259036624
3,81,0.5886317002671643,4.4474900266732,1.2542668695498855,9.35307436087194,87.12389759850714,0.46930339512069275,2.9630650217854133
3,82,0.5241146167817732,4.449830664206036,1.2553063131841917,9.35307436087194,87.44147805306983,0.4175193028801964,2.9708042062247113
3,83,0.45928583954194446,4.451902689512844,1.2562247040123826,9.353074360871938,87.75975955628965,0.36560803021544247,2.977638454923966
3,84,0.39418360211640185,4.453703578149955,1.2570215798768078,9.353074360871936,88.07865451648718,0.31358538980296036,2.9835656861048196
3,85,0.32884642819979415,4.4552311360119745,1.2576965396757336,9.353074360871934,88.39807532535379,0.2614672282429744,2.988584094275237
3,86,0.2633130909754318,4.456483502004947,1.2582492436056643,9.353074360871938,88.71793436094707,0.20926942123237569,2.9926921507794724
3,87,0.19762257210549636,4.457459150313824,1.258679413366282,9.353074360871936,89.03814399040036,0.1570078687288319,2.9958886042637216
3,88,0.13181402040997542,4.458156892261428,1.2589868323280522,9.353074360871936,89.35861657239418,0.10469849010750323,2.998172481057287
3,89,0.06592671029605189,4.458575877756673,1.2591713456625402,9.353074360871938,89.67926445943651,0.05235721931185079,2.999543085469174
3,90,2.313173237870192e-16,4.458715596330275,1.2592328604354677,9.353074360871938,90.0,1.8369701987210297e-16,3.0
4,0,3.612189127885847,4.0,0.9030472819714618,9.720082304178293,65.6996988365287,4.0,0.0
4,1,3.640211452373286,4.000248388575293,0.910191489665809,9.720082304178295,65.70363896243101,3.999390780625565,0.06980962574913405
4,2,3.6673228687082036,4.000993251677951,0.9173895661136908,9.720082304178293,65.71545740628909,3.997563308076383,0.13959798681000388
4,3,3.6934881613573536,4.002233681807024,0.9246392262634903,9.720082304178293,65.73514836983813,3.9945181390182953,0.20934382497177534
4,4,3.718671814190008,4.0039681676894725,0.9319381079393969,9.720082304178295,65.76270220022838,3.990256201039297,0.2790258949765012
4,5,3.7428380582297582,4.006194596121424,0.9392837728908134,9.720082304178295,65.79810540635981,3.984778792366982,0.34862297099063266
4,6,3.76595092148167,4.008910254542791,0.9466737079949185,9.720082304178293,65.84134068164617,3.978087581473093,0.4181138530706139
4,7,3.7879742807492436,4.012111834342101,0.9541053266100693,9.720082304178295,65.89238693310449,3.970184606565288,0.4874773736205899
4,8,3.8088719153464288,4.0157954348875355,0.9615759700771559,9.720082304178293,65.95121931663853,3.9610722749662814,0.5566924038402618
4,9,3.828607562601137,4.019956568279244,0.9690829093654648,9.720082304178293,66.01780927835695,3.950753362380551,0.6257378601609235
4,10,3.847144975038188,4.024590164817163,0.9766233468590741,9.720082304178293,66.09212460174155,3.939231012048832,0.6945927106677213
4,11,3.8644479791216892,4.02969057917766,0.984194418279301,9.720082304178295,66.1741294604562,3.926508733790656,0.7632359815061792
4,12,3.880480535429363,4.035251597291499,0.9917931947382556,9.720082304178293,66.26378447656447,3.9125904029352228,0.8316467632710374
4,13,3.895206800124415,4.041266443914713,0.9994166849181099,9.720082304178293,66.36104678390282,3.897480259140941,0.89980421737546
4,14,3.9085911875841894,4.04772779088321,1.0070618373702924,9.720082304178295,66.465870096337,3.881182905103986,0.9676875823986709
4,15,3.9205984340391944,4.054627766041003,1.0147255429284625,9.720082304178295,66.5782047806124,3.8637033051562732,1.035276180410083
4,16,3.9311936620710015,4.061957962831222,1.022404637228792,9.720082304178293,66.69799793349385,3.8450467837532756,1.1025494232679967
4,17,3.940342445813152,4.06970945053821,1.030095903330805,9.720082304178295,66.82519346287766,3.8252190238521417,1.169486818890947
4,18,3.948010876695549,4.077872785168218,1.0377960744317933,9.720082304178293,66.9597321725478,3.804226065180614,1.2360679774997896
4,19,3.9541656295697947,4.086438020955465,1.0455018366676316,9.720082304178293,67.10155185024011,3.7820743023972674,1.3022726178286268
4,20,3.958774029050704,4.0953947224795195,1.0532098319926675,9.720082304178293,67.25058735867175,3.7587704831436337,1.3680805733026749
4,21,3.9618041159076274,4.104731977379248,1.0609166611312577,9.720082304178293,67.40677072918935,3.734321705988807,1.433471798181201
4,22,3.9632247133383696,4.114438409647849,1.0686188865934594,9.720082304178293,67.5700312576874,3.7087354182671497,1.498426373663648
4,23,3.963005492958303,4.124502193492764,1.076313035747361,9.720082304178293,67.74029560244875,3.6820194138097615,1.562924513957095
4,24,3.961117040337773,4.134911067743585,1.0839956039405565,9.720082304178295,67.91748788356078,3.6541818305704035,1.6269465723032008
4,25,3.957530919922041,4.145652350790401,1.0916630576633244,9.720082304178295,68.10152978356564,3.6252311481465997,1.6904730469627978
4,26,3.9522197391697826,4.15671295603439,1.0993118377461613,9.720082304178293,68.29234064900841,3.595176185196668,1.7534845871563096
4,27,3.9451572117485174,4.168079407831815,1.1069383625844447,9.720082304178293,68.48983759255461,3.5640260967534716,1.815961998958187
4,28,3.936318219628327,4.17973785791203,1.1145390313831607,9.720082304178293,68.69393559535754,3.531790371435708,1.8778862511435632
4,29,3.9256788739186415,4.191674102249458,1.1221102274148083,9.720082304178293,68.90454760936686,3.498478828557583,1.9392384809853482
4,30,3.913216574296902,4.203873598369011,1.1296483212838107,9.720082304178293,69.12158465928077,3.464101615137755,1.9999999999999998
4,31,3.898910066882318,4.216321483063857,1.1371496741909923,9.720082304178293,69.34495594385784,3.4286692028084493,2.0601522996402166
4,32,3.8827395004128182,4.229002590503944,1.1446106411919328,9.720082304178296,69.57456893631762,3.392192384625704,2.1196770569328196
4,33,3.8646864805885413,4.241901470713231,1.1520275744432804,9.720082304178295,69.81032948357414,3.354682271781696,2.1785561400601083
4,34,3.844734122450824,4.255002408393104,1.159396826431399,9.720082304178293,70.05214190406157,3.316150290220167,2.2367716138829876
4,35,3.822867100671543,4.268289442069044,1.1667147531780007,9.720082304178293,70.29990908392703,3.276608177155967,2.294305745404184
4,36,3.799071697633862,4.281746383537228,1.173977717417745,9.720082304178291,70.55353257138145,3.23606797749979,2.3511410091698925
4,37,3.773335849191845,4.29535683758736,1.181182091743078,9.720082304178295,70.81291266901634,3.1945420401891713,2.407260092608193
4,38,3.7456491880030085,4.30910422197771,1.188324261711908,9.720082304178293,71.07794852391002,3.1520430144268876,2.462645901302633
4,39,3.7160030843346687,4.322971787638019,1.1954006289140373,9.720082304178293,71.34853821536392,3.1085838458278836,2.5172815641993496
4,40,3.6843906842518237,4.336942639075665,1.2024076139925681,9.720082304178293,71.62457884012554,3.064177772475912,2.571150438746157
4,41,3.650806945101331,4.350999754960218,1.209341659616836,9.720082304178295,71.90596659497112,3.018838320891088,2.624236115962029
4,42,3.615248668214185,4.365126008861303,1.2161992334037175,9.720082304178293,72.19259685653638,2.972579301909577,2.676522425435433
4,43,3.57771452875482,4.379304190114525,1.2229768307844715,9.720082304178293,72.4843642582998,2.925414806476682,2.727993440249994
4,44,3.5382051026534382,4.393517024790009,1.22967097781456,9.720082304178293,72.78116276463729,2.8773592013546048,2.778633481835989
4,45,3.496722890564501,4.407747196738022,1.2362782339241922,9.720082304178293,73.08288574188161,2.8284271247461903,2.8284271247461903
4,46,3.4532723388015594,4.421977368686035,1.242795194607603,9.720082304178295,73.38942602633442,2.778633481835989,2.8773592013546048
4,47,3.4078598572055907,4.4361902033615195,1.2492184940493456,9.720082304178295,73.70067598919091,2.727993440249994,2.925414806476682
4,48,3.3604938339109585,4.450368384614742,1.255544807686135,9.720082304178296,74.01652759835078,2.676522425435433,2.972579301909577
4,49,3.311184646979926,4.464494638515827,1.2617708547030135,9.720082304178295,74.33687247710027,2.624236115962029,3.018838320891088
4,50,3.2599446728834027,4.47855175440038,1.2678934004628455,9.720082304178293,74.6616019596617,2.5711504387461575,3.064177772475912
4,51,3.206788291812176,4.492522605838026,1.2739092588683585,9.720082304178293,74.99060714361728,2.51728156419935,3.1085838458278836
4,52,3.151731889809381,4.506390171498335,1.2798152946561465,9.720082304178295,75.32377893922366,2.462645901302633,3.152043014426888
4,53,3.094793857721298,4.5201375558886845,1.2856084256222529,9.720082304178295,75.66100811564272,2.4072600926081935,3.1945420401891713
4,54,3.035994586969711,4.533748009938817,1.2912856247791011,9.720082304178295,76.00218534412267,2.3511410091698925,3.23606797749979
4,55,2.975356462155142,4.547204951407001,1.2968439224437274,9.720082304178293,76.34720123817067,2.294305745404184,3.276608177155967
4,56,2.912903850506091,4.560491985082941,1.302280408257396,9.720082304178293,76.69594639076583,2.236771613882987,3.316150290220167
4,57,2.8486630881951336,4.573592922762813,1.3075922331368226,9.720082304178295,77.04831140866665,2.1785561400601083,3.354682271781696
4,58,2.78266246354825,4.586491802972101,1.3127766111573491,9.720082304178295,77.40418694387401,2.1196770569328196,3.3921923846257043
4,59,2.714932197179113,4.599172910412188,1.3178308213685206,9.720082304178295,77.76346372231428,2.0601522996402166,3.4286692028084493
4,60,2.645504419085229,4.611620795107034,1.3227522095426143,9.720082304178295,78.12603256981293,2.0000000000000004,3.4641016151377544
4,61,2.5744131427478405,4.623820291226587,1.3275381898567487,9.720082304178293,78.49178443543181,1.9392384809853485,3.498478828557583
4,62,2.5016942362823342,4.635756535564015,1.332186246509284,9.720082304178295,78.86061041224728,1.8778862511435634,3.5317903714357075
4,63,2.4273853906905156,4.647414985644229,1.3366939352712779,9.720082304178295,79.23240175564892,1.8159619989581872,3.564026096753471
4,64,2.351526085270627,4.658781437441655,1.3410588849738239,9.720082304178296,79.60704989924095,1.7534845871563098,3.595176185196668
4,65,2.2741575502452474,4.669842042685643,1.345278798932128,9.720082304178296,79.98444646843043,1.6904730469627978,3.6252311481465997
4,66,2.1953227266713853,4.68058332573246,1.3493514563072333,9.720082304178291,80.36448329178809,1.6269465723032008,3.6541818305704035
4,67,2.1150662237009823,4.690992199983281,1.353274713406309,9.720082304178293,80.74705241026828,1.5629245139570949,3.6820194138097615
4,68,2.0334342732638686,4.701055983828196,1.3570465049224463,9.720082304178296,81.13204608437623,1.4984263736636478,3.7087354182671497
4,69,1.9504746822488304,4.710762416096797,1.36066484511492,9.720082304178295,81.51935679937027,1.4334717981812015,3.734321705988807
4,70,1.866236782261873,4.720099670996525,1.364127828930866,9.720082304178293,81.90887726858844,1.3680805733026753,3.7587704831436333
4,71,1.7807713770441043,4.72905637252058,1.3674336330693282,9.720082304178293,82.30050043498701,1.302272617828627,3.782074302397267
4,72,1.69413068763474,4.737621608307828,1.37058051698862,9.720082304178293,82.69411947098064,1.2360679774997898,3.804226065180614
4,73,1.6063682953677536,4.745784942937835,1.373566823857931,9.720082304178293,83.0896277766711,1.169486818890947,3.8252190238521417
4,74,1.5175390827934756,4.753536430644822,1.3763909814540871,9.720082304178293,83.48691897655347,1.1025494232679967,3.8450467837532756
4,75,1.4276991726191288,4.760866627435042,1.3790515030043513,9.720082304178295,83.88588691478583,1.035276180410083,3.8637033051562732
4,76,1.33690586476478,4.767766602592835,1.381546987976123,9.720082304178293,84.28642564910963,0.9676875823986707,3.881182905103986
4,77,1.2452175716335643,4.7742279495613325,1.383876122814364,9.720082304178295,84.68842944350583,0.8998042173754597,3.897480259140941
4,78,1.152693751697233,4.780242796184547,1.3860376816275355,9.720082304178293,85.09179275967183,0.8316467632710378,3.9125904029352223
4,79,1.059394841500148,4.785803814298385,1.3880305268228113,9.720082304178295,85.49641024740319,0.7632359815061797,3.926508733790656
4,80,0.9653821861867714,4.790904228658882,1.3898536096912621,9.720082304178293,85.90217673396266,0.6945927106677217,3.939231012048832
4,81,0.8707179686594546,4.795537825196801,1.3915059709436925,9.720082304178295,86.3089872125192,0.6257378601609237,3.950753362380551
4,82,0.7754651374749829,4.799698958588509,1.3929867411977406,9.720082304178293,86.7167368297376,0.5566924038402619,3.9610722749662814
4,83,0.6796873335898226,4.803382559133944,1.3942951414168243,9.720082304178293,87.12532087259954,0.48747737362058996,3.970184606565288
4,84,0.5834488160653564,4.806584138933254,1.395430483301446,9.720082304178293,87.5346347545352,0.41811385307061383,3.978087581473093
4,85,0.4868143868456296,4.809299797354621,1.396392169633338,9.720082304178291,87.94457400094421,0.34862297099063255,3.984778792366982
4,86,0.3898493147211874,4.811526225786572,1.3971796945728632,9.720082304178293,88.35503423418416,0.27902589497650093,3.990256201039297
4,87,0.2926192585935382,4.813260711669021,1.397792643910035,9.720082304178293,88.76591115810365,0.20934382497177587,3.9945181390182953
4,88,0.19519019015557124,4.814501141798094,1.3982306952694743,9.720082304178293,89.17710054219705,0.13959798681000432,3.997563308076383
4,89,0.0976283161039501,4.815246004900753,1.39849361826955,9.720082304178295,89.58849820545687,0.0698096257491344,3.999390780625565
4,90,3.425536162660589e-16,4.815494393476045,1.3985812746359116,9.720082304178295,90.0,2.4492935982947064e-16,4.0
5,0,4.515236409857309,4.0,0.9030472819714618,10.172511980823616,60.55941948940064,5.0,0.0
5,1,4.559237015586151,4.000388107148894,0.9119863030484893,10.172511980823616,60.564344603771715,4.999238475781956,0.08726203218641757
5,2,4.602245557931183,4.001551955746799,0.9210101660945595,10.172511980823616,60.57911701386544,4.9969541350954785,0.17449748351250485
5,3,4.644206362910642,4.003490127823475,0.9301159641852603,10.172511980823616,60.603727927524616,4.993147673772869,0.2616797812147192
5,4,4.685062856308614,4.0062002620148,0.9393006604615208,10.172511980823616,60.638162714116866,4.987820251299121,0.3487823687206265
5,5,4.724757642152764,4.009679056439724,0.9485610897554954,10.172511980823616,60.68240093883447,4.9809734904587275,0.4357787137382908
5,6,4.763232585941975,4.013922272723111,0.957893960530279,10.172511980823616,60.7364164104265,4.972609476841367,0.5226423163382674
5,7,4.800428902451708,4.018924741159534,0.9672958571273463,10.172511980823614,60.80017724207943,4.96273075820661,0.6093467170257374
5,8,4.836287247920389,4.024680367011774,0.9767632423140388,10.172511980823616,60.87364592508628,4.951340343707852,0.6958655048003272
5,9,4.870747816396605,4.031182137936319,0.9862924601219257,10.172511980823616,60.956779414872074,4.938441702975689,0.7821723252011543
5,10,4.903750440004833,4.038422132526817,0.9958797389654679,10.172511980823614,61.0495292288763,4.92403876506104,0.8682408883346516
5,11,4.935234692866664,4.046391529965095,1.0055211950290879,10.172511980823618,61.15184155572925,4.90813591723832,0.954044976882724
5,12,4.965139998395585,4.055080620767965,1.0152128359095784,10.172511980823616,61.26365737510356,4.8907380036690284,1.0395584540887968
5,13,4.993405739666152,4.064478818616738,1.0249505644996943,10.172511980823614,61.384912587570334,4.871850323926176,1.124755271719325
5,14,5.0199713725430435,4.074574673255015,1.034730183097835,10.172511980823614,61.51553815374528,4.851478631379982,1.2096094779983386
5,15,5.044776541242176,4.085355884439068,1.044547397727918,10.172511980823616,61.65546024197297,4.8296291314453415,1.2940952255126037
5,16,5.067761195984875,4.096809316923786,1.0543978226528767,10.172511980823616,61.80460038376631,4.8063084796915945,1.3781867790849958
5,17,5.088865712396767,4.108921016465953,1.0642769850646794,10.172511980823616,61.962875636194745,4.781523779815177,1.4618585236136838
5,18,5.1080310122961405,4.12167622682534,1.0741803299333896,10.172511980823616,62.130198750398634,4.755282581475767,1.545084971874737
5,19,5.12519868551146,4.135059407742914,1.0841032249975318,10.172511980823616,62.30647834539676,4.727592877996584,1.6278407722857835
5,20,5.140311112364821,4.149054253874249,1.0940409658779144,10.172511980823618,62.49161908635197,4.698463103929543,1.7101007166283435
5,21,5.15331158645728,4.163643714655075,1.1039887812970821,10.172511980823616,62.68552186646237,4.667902132486009,1.7918397477265013
5,22,5.1641444373930145,4.178810015074764,1.1139418383867097,10.172511980823616,62.888083991656515,4.635919272833937,1.87303296707956
5,23,5.17275515308217,4.194534677332443,1.1238952480655073,10.172511980823616,63.09919936728507,4.6025242672622015,1.953655642446369
5,24,5.179090501266966,4.210798543349352,1.1338440704705777,10.172511980823614,63.318758686023145,4.567727288213004,2.033683215379001
5,25,5.18309864992192,4.227581798110003,1.1437833204256298,10.172511980823618,63.54664961622272,4.531538935183249,2.1130913087034973
5,26,5.184729286186869,4.244863993803734,1.1537079729300104,10.172511980823616,63.7827569899841,4.493970231495835,2.191855733945387
5,27,5.183933733500763,4.262624074737211,1.1636129686531513,10.172511980823616,64.0269629902498,4.455032620941839,2.2699524986977337
5,28,5.180665066614622,4.280840402987547,1.1734932194197312,10.172511980823618,64.27914733625988,4.414737964294635,2.347357813929454
5,29,5.174878224173707,4.299490784764778,1.183343613671614,10.172511980823618,64.5391874667487,4.373098535696979,2.4240481012316852
5,30,5.166530118571557,4.31855249745158,1.193159021893439,10.172511980823616,64.8069587203036,4.330127018922194,2.4999999999999996
5,31,5.155579742791905,4.338002317287276,1.2029343019895717,10.172511980823614,65.08233451234992,4.285836503510562,2.575190374550271
5,32,5.14198827396872,4.357816547662413,1.2126643046010115,10.172511980823616,65.36518650827098,4.24024048078213,2.6495963211660243
5,33,5.125719173409284,4.3779710479894245,1.2223438783517289,10.172511980823616,65.65538479221686,4.193352839727121,2.7231951750751353
5,34,5.106738282840384,4.398441263114226,1.2319678750148169,10.172511980823614,65.95279803120079,4.145187862775209,2.7959645173537346
5,35,5.085013916653226,4.419202253232881,1.2415311545897247,10.172511980823614,66.25729363412715,4.095760221444959,2.8678821817552302
5,36,5.060516949938369,4.44022872427692,1.2510285902827447,10.172511980823614,66.5687379054395,4.045084971874737,2.938926261462366
5,37,5.03322090211782,4.46149505873025,1.2604550733837936,10.172511980823616,66.8869961931202,3.993177550236464,3.0090751157602416
5,38,5.003102015997297,4.482975346840171,1.2698055180333823,10.172511980823614,67.21193303081543,3.9400537680336094,3.0783073766282913
5,39,4.970139332077451,4.504643418184404,1.2790748658745075,10.172511980823616,67.54341227390056,3.8857298072848545,3.146601955249187
5,40,4.934314757978448,4.526472873555727,1.2882580905849808,10.172511980823616,67.88129722933868,3.83022221559489,3.2139380484326963
5,41,4.895613132847824,4.54843711712534,1.2973502022864896,10.172511980823616,68.225450779223,3.77354790111386,3.2802951449525364
5,42,4.854022286636606,4.570509388845787,1.3063462518273998,10.172511980823616,68.57573549792824,3.715724127386971,3.345653031794291
5,43,4.809533094143558,4.592662797053946,1.3152413349369967,10.172511980823614,68.93201376282889,3.656768508095852,3.4099918003124925
5,44,4.762139523741935,4.614870351234391,1.324030596249509,10.172511980823614,69.29414785857271,3.596699001693256,3.4732918522949863
5,45,4.711838680717074,4.63710499490316,1.3327092331968475,10.172511980823618,69.66200007492597,3.5355339059327378,3.5355339059327378
5,46,4.658630845156939,4.65933963857193,1.341272499769559,10.172511980823616,70.03543279823258,3.4732918522949863,3.596699001693256
5,47,4.60251950435079,4.681547192752373,1.3497157101459931,10.172511980823616,70.41430859655289,3.4099918003124925,3.656768508095852
5,48,4.5435113796639515,4.703700600960533,1.3580342421901541,10.172511980823616,70.79849029856918,3.345653031794291,3.715724127386971
5,49,4.481616447868843,4.72577287268098,1.3662235408191261,10.172511980823614,71.18784106636326,3.2802951449525364,3.77354790111386
5,50,4.416847956924207,4.747737116250592,1.3742791212413443,10.172511980823614,71.58222446218943,3.2139380484326967,3.83022221559489
5,51,4.3492224362057454,4.769566571621916,1.3821965720673173,10.172511980823614,71.98150450937922,3.1466019552491877,3.8857298072848545
5,52,4.27875970120212,4.791234642966149,1.3899715582947079,10.172511980823616,72.38554574752857,3.0783073766282913,3.94005376803361
5,53,4.205482852700651,4.812714931076069,1.3975998241699383,10.172511980823618,72.7942132821274,3.009075115760242,3.993177550236464
5,54,4.129418270496783,4.833981265529401,1.4050771959287083,10.172511980823618,73.20737282880175,2.938926261462366,4.045084971874737
5,55,4.050595601670884,4.855007736573438,1.4123995844180033,10.172511980823614,73.62489075234465,2.8678821817552302,4.095760221444959
5,56,3.9690477434847784,4.875768726692095,1.419562987602332,10.172511980823614,74.04663410071883,2.7959645173537337,4.145187862775209
5,57,3.884810820958965,4.896238941816897,1.426563492957048,10.172511980823614,74.47247063421753,2.7231951750751353,4.193352839727121
5,58,3.797924159199556,4.916393442143908,1.4333972797517245,10.172511980823618,74.90226884997337,2.6495963211660243,4.240240480782131
5,59,3.7084302505516415,4.936207672519044,1.440060621226607,10.172511980823614,75.33589800200632,2.575190374550271,4.285836503510562
5,60,3.6163747166630915,4.95565749235474,1.4465498866652364,10.172511980823618,75.77322811700316,2.5000000000000004,4.330127018922193
5,61,3.5218062655497113,4.974719205041542,1.4528615433663394,10.172511980823616,76.21413000601918,2.4240481012316857,4.373098535696979
5,62,3.424776643759299,4.993369586818773,1.4589921585181154,10.172511980823616,76.65847527229317,2.347357813929454,4.414737964294634
5,63,3.325340583738312,5.011585915069109,1.4649384009780166,10.172511980823614,77.1061363153634,2.269952498697734,4.455032620941839
5,64,3.223555746510834,5.0293459960025855,1.4706970429611097,10.172511980823618,77.55698633166999,2.1918557339453875,4.493970231495835
5,65,3.1194826597850875,5.046628191696317,1.476264961640048,10.172511980823616,78.01089931182626,2.1130913087034973,4.531538935183249
5,66,3.0131846516080993,5.063411446456969,1.481639140659651,10.172511980823616,78.46775003473697,2.033683215379001,4.567727288213004
5,67,2.9047277796941082,5.079675312473877,1.4868166715690012,10.172511980823614,78.9274140587377,1.9536556424463685,4.6025242672622015
5,68,2.794180756557114,5.095399974731556,1.4917947551739101,10.172511980823616,79.3897677099251,1.8730329670795598,4.635919272833937
5,69,2.681614870582449,5.110566275151244,1.496570702812514,10.172511980823614,79.85468806784256,1.791839747726502,4.667902132486009
5,70,2.567103903176528,5.12515573593207,1.5011419375566732,10.172511980823616,80.32205294868126,1.7101007166283442,4.698463103929542
5,71,2.4507240421379906,5.139150582063405,1.5055059953417493,10.172511980823618,80.79174088615112,1.6278407722857837,4.7275928779965835
5,72,2.332553791397187,5.152533762980981,1.5096605260272322,10.172511980823614,81.2636311101712,1.5450849718747373,4.755282581475767
5,73,2.2126738772746384,5.165288973340368,1.5136032943905917,10.172511980823614,81.73760352352372,1.4618585236136838,4.781523779815177
5,74,2.0911671514124115,5.177400672882534,1.5173321810566032,10.172511980823616,82.21353867661061,1.3781867790849958,4.8063084796915945
5,75,1.9681184905355844,5.188854105367252,1.5208451833643026,10.172511980823616,82.69131774044668,1.2940952255126037,4.8296291314453415
5,76,1.843614693203913,5.199635316551304,1.5241404161735954,10.172511980823614,83.17082247801795,1.2096094779983384,4.851478631379982
5,77,1.7177443737166604,5.209731171189581,1.5272161126134403,10.172511980823614,83.65193521412922,1.1247552717193245,4.871850323926176
5,78,1.5905978533361202,5.219129369038354,1.5300706247734042,10.17251198082362,84.13453880386005,1.0395584540887972,4.890738003669028
5,79,1.4622670489978071,5.227818459841226,1.5327024243402683,10.172511980823616,84.61851659974373,0.9540449768827246,4.90813591723832
5,80,1.3328453596775927,5.235787857279503,1.5351101031812555,10.172511980823614,85.10375241777932,0.8682408883346521,4.92403876506104
5,81,1.2024275505880568,5.243027851870001,1.5372923738753137,10.172511980823616,85.5901305023835,0.7821723252011547,4.938441702975689
5,82,1.0711096353783305,5.249529622794546,1.5392480701937887,10.172511980823616,86.07753549038398,0.6958655048003273,4.951340343707852
5,83,0.9389887565134069,5.2552852486467865,1.5409761475316952,10.172511980823614,86.56585237415351,0.6093467170257374,4.96273075820661
5,84,0.8061630640104893,5.26028771708321,1.5424756832906739,10.172511980823618,87.05496646398014,0.5226423163382673,4.972609476841367
5,85,0.672731592711373,5.264530933366595,1.5437458772146122,10.172511980823618,87.5447633497661,0.4357787137382907,4.9809734904587275
5,86,0.5387941382711113,5.2680097277915205,1.5447860516787881,10.172511980823616,88.03512886214504,0.3487823687206262,4.987820251299121
5,87,0.4044511320443216,5.270719861982846,1.5455956519332745,10.172511980823616,88.52594903310539,0.26167978121471985,4.993147673772869
5,88,0.26980351505141065,5.272658034059521,1.5461742463012373,10.172511980823616,89.01711005620513,0.1744974835125054,4.9969541350954785
5,89,0.1349526112078267,5.273821882657426,1.546521526332635,10.172511980823614,89.50849824646177,0.087262032186418,4.999238475781956
5,90,4.735211068384431e-16,5.2742099898063195,1.5466373069137223,10.172511980823616,90.0,3.061616997868383e-16,5.0
6,0,5.418283691828771,4.0,0.9030472819714618,10.699532700076205,55.89078582309227,6.0,0.0
6,1,5.481872681310332,4.000558874294407,0.9137846207088044,10.699532700076206,55.896695897263314,5.999086170938348,0.10471443862370107
6,2,5.544489024902495,4.00223481627539,0.9246447727629173,10.699532700076205,55.91442184392748,5.996344962114574,0.2093969802150058
6,3,5.606051626285588,4.005025784065804,0.9356241781331766,10.699532700076206,55.94395084880131,5.991777208527443,0.314015737457663
6,4,5.6664774804530795,4.008928377301311,0.9467190734899339,10.699532700076205,55.985261598855885,5.985384301558945,0.4185388424647518
6,5,5.725681793933377,4.013937841273203,0.9579254947018506,10.699532700076206,56.03832434812855,5.977168188550474,0.522934456485949
6,6,5.7835781146426175,4.02004807272128,0.9692392799625841,10.699532700076206,56.10310100915742,5.967131372209639,0.6271707796059208
6,7,5.840078471027998,4.027251627269727,0.9806560735018995,10.699532700076205,56.17954526934794,5.955276909847932,0.7312160604308848
6,8,5.895093520101702,4.035539728496955,0.9921713298624228,10.699532700076206,56.26760273139985,5.941608412449423,0.8350386057603927
6,9,5.948532703909592,4.0449022786282995,1.0037803187196457,10.699532700076203,56.367211076753165,5.926130043570827,0.9386067902413853
6,10,6.000304413926765,4.055327870838616,1.015478130219456,10.699532700076205,56.47830025085564,5.908846518073248,1.041889066001582
6,11,6.0503161628245605,4.066803803149736,1.0272596808044583,10.699532700076206,56.60079266891393,5.889763100685984,1.1448539722592688
6,12,6.098474763011041,4.07931609390587,1.0391197194976793,10.699532700076206,56.73460344066707,5.868885604402834,1.247470144906556
6,13,6.144686511309676,4.092849498808104,1.0510528346099608,10.699532700076206,56.879640612615034,5.846220388711411,1.34970632606319
6,14,6.1888573791092085,4.107387529487223,1.0630534608354398,10.699532700076206,57.035805426049016,5.821774357655979,1.4515313735980064
6,15,6.230893207291693,4.122912473592258,1.0751158866980126,10.699532700076206,57.20299258916266,5.79555495773441,1.5529142706151244
6,16,6.270699905225454,4.139405416370251,1.0872342623105735,10.699532700076206,57.381090561475496,5.767570175629913,1.653824134901995
6,17,6.3081836530953055,4.156846263710971,1.099402607408124,10.699532700076203,57.56998184877168,5.737828535778212,1.7542302283364206
6,18,6.343251106833699,4.175213766628488,1.1116148196155353,10.699532700076205,57.769543306747586,5.706339097770921,1.8541019662496843
6,19,6.375809604913225,4.194485547149796,1.123864682910807,10.699532700076206,57.97964645156923,5.673111453595901,1.9534089267429402
6,20,6.4057673762631,4.214638125578919,1.136145876245089,10.699532700076205,58.200157775567284,5.638155724715451,2.0521208599540124
6,21,6.4330337485793985,4.235646949103308,1.1484519822814787,10.699532700076206,58.43093906633666,5.601482558983211,2.1502076972718016
6,22,6.457519356310567,4.25748642170766,1.1607764962156553,10.699532700076206,58.67184772756443,5.5631031274007245,2.247639560495472
6,23,6.479136347615931,4.280129935358718,1.173112834642736,10.699532700076206,58.9227370999768,5.523029120714642,2.3443867709356425
6,24,6.497798589614785,4.303549902423066,1.1854543444362946,10.699532700076206,59.18345678087569,5.481272745855605,2.4404198584548014
6,25,6.513421871267105,4.327717789278404,1.1977943116072463,10.699532700076203,59.45385294082354,5.437846722219899,2.5357095704441965
6,26,6.525924103253278,4.352604151077378,1.2101259701122338,10.699532700076205,59.73376863613156,5.392764277795003,2.6302268807344644
6,27,6.535225514249095,4.378178667621585,1.2224425105832113,10.699532700076206,60.023044115908654,5.346039145130208,2.7239429984372805
6,28,6.541248843023347,4.404410180302067,1.234737088952095,10.699532700076206,60.32151712253491,5.297685557153562,2.816829376715345
6,29,6.543919525817822,4.43126673006128,1.2470028349465758,10.699532700076206,60.62902318453325,5.247718242836374,2.9088577214780225
6,30,6.543165878503558,4.458715596330276,1.2592328604354677,10.699532700076206,60.94539590092286,5.196152422706632,2.9999999999999996
6,31,6.538919273041705,4.486723336893678,1.2714202676042405,10.699532700076205,61.27046721624954,5.143003804212674,3.0902284494603247
6,32,6.531114307812747,4.515255828633874,1.2835581569436632,10.699532700076206,61.60406768559642,5.088288576938556,3.1795155853992294
6,33,6.519688971412938,4.5442783091047705,1.2956396350366903,10.699532700076205,61.946026728986176,5.032023407672544,3.2678342100901627
6,34,6.5045847995521555,4.573755418884485,1.3076578221309145,10.699532700076205,62.29617287468888,4.974225435330251,3.355157420824481
6,35,6.4857470247219995,4.6036512446553495,1.3196058594859728,10.699532700076206,62.65433399104894,4.914912265733951,3.4414586181062763
6,36,6.463124718337104,4.633929362958764,1.331476916487307,10.699532700076205,63.02033750653884,4.854101966249685,3.526711513754839
6,37,6.436670925085842,4.6645528845715605,1.3432641975195672,10.699532700076205,63.394010617836386,4.791813060283757,3.6108901389122896
6,38,6.406342789258796,4.695484499449846,1.3549609485947138,10.699532700076203,63.77518048580468,4.728064521640332,3.69396885195395
6,39,6.372101672854446,4.726686522185542,1.366560463731552,10.699532700076205,64.1636744193312,4.662875768741825,3.7759223462990246
6,40,6.333913265291278,4.758120937920247,1.3780560910849413,10.699532700076206,64.55932004705234,4.596266658713868,3.8567256581192355
6,41,6.291747684583976,4.789749448660491,1.3894412388243447,10.699532700076205,64.96194547705373,4.528257481336632,3.9363541739430437
6,42,6.245579569868429,4.821533519937932,1.400709380762645,10.699532700076206,65.37137944469417,4.458868952864366,4.014783638153149
6,43,6.195388165185869,4.8534344277576835,1.411854061737313,10.699532700076203,65.7874514487516,4.388122209715023,4.091990160374991
6,44,6.1411573944607225,4.885413305777522,1.4228689027470245,10.699532700076206,66.20999187613477,4.316038802031907,4.1679502227539835
6,45,6.08287592762944,4.917431192660551,1.4337476058477292,10.699532700076205,66.6388321154429,4.242640687119286,4.242640687119286
6,46,6.020537237899052,4.949449079543579,1.4444839588129645,10.699532700076205,67.07380465968828,4.1679502227539835,4.316038802031907
6,47,5.954139650134055,4.981427957563418,1.4550718395638607,10.699532700076203,67.51474319852503,4.091990160374991,4.388122209715023
6,48,5.883686380389072,5.013328865383167,1.4655052203748746,10.699532700076205,67.961482700349,4.014783638153149,4.458868952864366
6,49,5.809185566621981,5.04511293666061,1.4757781718617364,10.699532700076206,68.41385948465206,3.9363541739430437,4.528257481336632
6,50,5.730650290638532,5.076741447400853,1.485884866758485,10.699532700076205,68.8717112850269,3.8567256581192364,4.596266658713868
6,51,5.6480985913344135,5.108175863135559,1.4958195834907475,10.699532700076205,69.33487730322796,3.775922346299025,4.662875768741825
6,52,5.561553469314791,5.139377885871255,1.5055767095526456,10.699532700076206,69.80319825469954,3.69396885195395,4.7280645216403325
6,53,5.471042882984189,5.17030950074954,1.515150744694834,10.699532700076205,70.2765164059848,3.61089013891229,4.791813060283757
6,54,5.376599736211704,5.200933022362337,1.5245363039312834,10.699532700076205,70.75467560442785,3.526711513754839,4.854101966249685
6,55,5.278261857687573,5.231211140665751,1.5337281203724107,10.699532700076201,71.23752130057872,3.4414586181062763,4.914912265733951
6,56,5.1760719720975,5.261106966436617,1.54272104789216,10.699532700076206,71.724900563705,3.3551574208244808,4.974225435330251
6,57,5.070077663250652,5.29058407621633,1.5515100636365404,10.699532700076205,72.21666209080615,3.2678342100901627,5.032023407672544
6,58,4.960331329306204,5.319606556687227,1.5600902703810366,10.699532700076205,72.71265620951776,3.1795155853992294,5.088288576938556
6,59,4.846890130251458,5.348139048427423,1.5684568987441414,10.699532700076205,73.21273487528165,3.0902284494603247,5.143003804212674
6,60,4.729815927792309,5.376146788990826,1.5766053092641026,10.699532700076206,73.71675166314677,3.000000000000001,5.196152422706632
6,61,4.609175217823944,5.403595655259821,1.5845309943457708,10.699532700076203,74.22456175455187,2.9088577214780225,5.247718242836374
6,62,4.485039055656379,5.430452205019034,1.5922295800842232,10.699532700076203,74.73602191942847,2.8168293767153454,5.297685557153561
6,63,4.357482974175548,5.456683717699517,1.599696827971593,10.699532700076206,75.25099049394787,2.723942998437281,5.346039145130207
6,64,4.226586895126692,5.482258234243723,1.6069286364933124,10.699532700076206,75.76932735422187,2.630226880734465,5.392764277795003
6,65,4.092435033712043,5.507144596042696,1.6139210426196975,10.699532700076206,76.290893886252,2.5357095704441965,5.437846722219899
6,66,3.9551157967001576,5.531312482898035,1.6206702231985668,10.699532700076206,76.81555295240722,2.4404198584548014,5.481272745855605
6,67,3.814721674248907,5.5547324499623825,1.6271724962543,10.699532700076206,77.34316885469603,2.3443867709356425,5.523029120714642
6,68,3.67134912564884,5.5773759636134415,1.6334243221984954,10.699532700076205,77.8736072950831,2.2476395604954718,5.5631031274007245
6,69,3.5250984591978622,5.599215436217793,1.6394223049571122,10.699532700076205,78.40673533308755,2.150207697271802,5.601482558983211
6,70,3.3760737064222517,5.620224259742181,1.6451631930187134,10.699532700076205,78.94242134088523,2.052120859954013,5.63815572471545
6,71,3.2243824908629475,5.640376838171305,1.6506438804081809,10.699532700076206,79.48053495612375,1.9534089267429406,5.673111453595901
6,72,3.070135891649588,5.659648618692612,1.6558614075899991,10.699532700076205,80.02094703264632,1.8541019662496847,5.706339097770921
6,73,2.9134483020883297,5.6780161216101295,1.6608129623049672,10.699532700076203,80.56352958930704,1.7542302283364206,5.737828535778212
6,74,2.754437283492664,5.695456968950849,1.6654958803439464,10.699532700076205,81.1081557570489,1.653824134901995,5.767570175629913
6,75,2.5932234144895845,5.711949911728842,1.6699076462620075,10.699532700076208,81.65469972440343,1.5529142706151244,5.79555495773441
6,76,2.4299301360363543,5.7274748558338775,1.674045894036122,10.699532700076203,82.20303668156029,1.451531373598006,5.821774357655979
6,77,2.2646835923858712,5.742012886512997,1.6779084076693027,10.699532700076206,82.75304276314475,1.3497063260631896,5.846220388711411
6,78,2.0976124682412145,5.7555462914152296,1.6814931217438784,10.699532700076205,83.30459498983069,1.2474701449065568,5.868885604402833
6,79,1.928847822342393,5.768058582171365,1.6847981219263974,10.699532700076206,83.8575712089082,1.1448539722592694,5.889763100685984
6,80,1.7585229177305834,5.779534514482484,1.6878216454264168,10.699532700076205,84.41185003391554,1.0418890660015825,5.908846518073248
6,81,1.5867730489372245,5.789960106692801,1.6905620814112663,10.699532700076205,84.96731078343812,0.9386067902413855,5.926130043570827
6,82,1.413735366347324,5.799322656824146,1.693017971378659,10.699532700076205,85.52383341916904,0.8350386057603928,5.941608412449423
6,83,1.239548697988116,5.807610758051372,1.6951880094888576,10.699532700076206,86.08129848331953,0.7312160604308849,5.955276909847932
6,84,1.0643533689958249,5.814814312599821,1.6970710428579046,10.699532700076205,86.63958703546143,0.6271707796059207,5.967131372209639
6,85,0.8882910190147917,5.820924544047897,1.6986660718132653,10.699532700076206,87.19858058887849,0.5229344564859488,5.977168188550474
6,86,0.7115044177845157,5.825934008019788,1.6999722501130523,10.699532700076206,87.7581610464981,0.41853884246475137,5.985384301558945
6,87,0.5341372791713376,5.8298366012552965,1.7009888851298447,10.699532700076205,88.31821063647148,0.3140157374576638,5.991777208527443
6,88,0.35633407390244437,5.832627569045711,1.7017154379999393,10.699532700076206,88.87861184746623,0.20939698021500647,5.996344962114574
6,89,0.17823984126077963,5.834303511026693,1.7021515237387326,10.699532700076205,89.43924736373225,0.10471443862370158,5.999086170938348
6,90,6.254137390949504e-16,5.834862385321101,1.7022969113227526,10.699532700076205,90.0,3.6739403974420594e-16,6.0
7,0,6.321330973800232,4.0,0.9030472819714618,11.290704141017954,51.68539556593416,7.0,0.0
7,1,6.40812895920722,4.000760690011833,0.9155864424223834,11.290704141017954,51.69229056550508,6.998933866094739,0.12216684506098457
7,2,6.494095239010774,4.003041833263726,0.9282933825342454,11.290704141017956,51.71296953329539,6.99573578913367,0.24429647691750678
7,3,6.579118123616721,4.006840650534012,0.9411638500062166,11.290704141017956,51.74741440032988,6.9904067432820165,0.36635169370060683
7,4,6.66308246184364,4.012152513549008,0.9541932900174155,11.290704141017956,51.79559513073091,6.982948351818769,0.4882953162088771
7,5,6.745869817464285,4.01897095062186,0.967376849179367,11.290704141017956,51.85746983955103,6.973362886642219,0.6100901992336072
7,6,6.82735866380529,4.027287654537297,0.9807093805722752,11.290704141017954,51.932984956174636,6.961653267577913,0.7316992428735742
7,7,6.90742459573362,4.037092492672685,0.9941854498311051,11.290704141017954,52.022075431756356,6.947823061489254,0.8530854038360324
7,8,6.98594055822492,4.048373519343078,1.0077993422388043,11.290704141017956,52.124664988770796,6.931876481190993,0.9742117067204581
7,9,7.0627770905853255,4.061116990355186,1.0215450707760139,11.290704141017954,52.24066641038647,6.913818384165964,1.095041255281616
7,10,7.137802585285702,4.075307379752561,1.0354163850694247,11.290704141017954,52.36998186705263,6.893654271085456,1.2155372436685123
7,11,7.210883560267333,4.090927398731586,1.0494067811746322,11.290704141017958,52.512503277404484,6.871390284133648,1.3356629676358136
7,12,7.281884943491762,4.107958016705212,1.0635095121240097,11.290704141017954,52.66811270035444,6.84703320513664,1.4553818357243153
7,13,7.350670368435529,4.126378484488807,1.0777175991657924,11.290704141017956,52.83668275504604,6.820590453496647,1.574657380407055
7,14,7.417102479173281,4.146166359579832,1.0920238436172718,11.290704141017954,53.01807706520476,6.792070083931975,1.693453269197674
7,15,7.481043243650822,4.167297533500573,1.106420839252783,11.290704141017954,53.21215072432623,6.761480784023478,1.8117333157176452
7,16,7.542354273722223,4.18974626117062,1.1209009851459388,11.290704141017958,53.41875077809632,6.728831871568232,1.9294614907189942
7,17,7.600897150512565,4.213485192273266,1.1354564988853775,11.290704141017954,53.63771672043729,6.694133291741248,2.0466019330591574
7,18,7.656533753668906,4.2384854045776645,1.1500794300840111,11.290704141017956,53.868880999618476,6.657395614066075,2.1631189606246317
7,19,7.709126593076346,4.264716439176112,1.164761674103383,11.290704141017958,54.112069530952766,6.618630029195218,2.2789770812000967
7,20,7.758539141642202,4.292146337593529,1.179494985917139,11.290704141017954,54.367102212721065,6.5778483455013586,2.394141003279681
7,21,7.804636167788565,4.3207416807239465,1.194270994040744,11.290704141017958,54.63379344211876,6.535062985480412,2.5085756468171017
7,22,7.84728406634004,4.350467629546537,1.2090812144582794,11.290704141017954,54.91195262819785,6.490286981967512,2.622246153911384
7,23,7.8863511865487945,4.381287967571589,1.2239170644814077,11.290704141017953,55.201384698981386,6.4435339741670825,2.7351178994249166
7,24,7.921708156060887,4.4131651449647284,1.2387698764802124,11.290704141017956,55.50189060014659,6.394818203498206,2.8471565015306015
7,25,7.953228199695729,4.4460603242956065,1.2536309114305826,11.290704141017954,55.813267782907744,6.3441545092565494,2.9583278321848963
7,26,7.9807874519825095,4.479933427855319,1.2684913722279683,11.290704141017956,56.135310678971955,6.2915583240941695,3.068598027523542
7,27,8.00426526247258,4.514743186484934,1.2833424167226086,11.290704141017954,56.467811160688,6.237045669318575,3.1779334981768272
7,28,8.023544492923964,4.550447189855591,1.298175170436665,11.290704141017953,56.810558984756604,6.180633150012489,3.2863009395012357
7,29,8.038511805531995,4.587001938138965,1.312980738928959,11.290704141017954,57.16334221811502,6.12233794997577,3.3936673417243592
7,30,8.049057941457994,4.624362895005097,1.3277502197781905,11.290704141017956,57.52594764484719,6.062177826491071,3.4999999999999996
7,31,8.055077988984689,4.662484541883061,1.34247471416052,11.290704141017954,57.8981611532016,6.000171104914786,3.605266524370379
7,32,8.056471640702238,4.701320433418329,1.357145338002182,11.290704141017956,58.27976810201656,5.936336673094981,3.7094348496324345
7,33,8.053143439201305,4.74082325405927,1.371753232692325,11.290704141017956,58.67055366605993,5.870693975617968,3.8124732451051897
7,34,8.045003010819743,4.780944875703882,1.386289575345533,11.290704141017954,59.0703031599815,5.803263007885292,3.9143503242952282
7,35,8.031965287055773,4.821636416336448,1.4007455886074003,11.290704141017956,59.47880234075276,5.7340643100229425,4.015035054457322
7,36,8.013950713323664,4.862848299582762,1.4151125500001398,11.290704141017956,59.895837688630024,5.663118960624632,4.114496766047312
7,37,7.990885444787031,4.90453031511129,1.4293818008084875,11.290704141017954,60.32119666682121,5.59044857033105,4.212705162064338
7,38,7.962701529060137,4.946631679806735,1.4435447545090843,11.290704141017956,60.75466796016465,5.516075275247053,4.309630327279608
7,39,7.929337075618812,4.989101099641432,1.4575929047491227,11.290704141017954,61.196041693241526,5.440021730198796,4.405242737348861
7,40,7.8907364118098835,5.031886832169225,1.4715178328823215,11.290704141017954,61.645109628439855,5.362311101832846,4.499513267805774
7,41,7.84685022539142,5.074936749565667,1.48531121507224,11.290704141017956,62.10166534457044,5.282967061559404,4.592413202933551
7,42,7.7976356935756455,5.118198402137741,1.4989648289746147,11.290704141017958,62.56550439670333,5.20201377834176,4.683914244512008
7,43,7.7430565985823865,5.1616190822257355,1.5124705600117685,11.290704141017954,63.036424457947895,5.119475911334193,4.77398852043749
7,44,7.683083429743401,5.205145888419405,1.5258204072532608,11.290704141017954,63.51422544394281,5.0353786023705585,4.862608593212981
7,45,7.617693472227183,5.248725790010194,1.5390064889178108,11.290704141017954,63.99870962085303,4.949747468305833,4.949747468305833
7,46,7.5468708824801505,5.2923056916009825,1.5520210475121825,11.290704141017956,64.48968169769252,4.862608593212981,5.0353786023705585
7,47,7.470606750503459,5.335832497794652,1.5648564546231565,11.290704141017956,64.98694890380325,4.77398852043749,5.119475911334193
7,48,7.388899149105623,5.379253177882646,1.5775052153789877,11.290704141017956,65.49032105232479,4.683914244512008,5.20201377834176
7,49,7.301753170289591,5.42251483045472,1.589959972596839,11.290704141017954,65.99961059048515,4.592413202933551,5.282967061559404
7,50,7.20918094894934,5.465564747851163,1.6022135106326638,11.290704141017954,66.51463263753458,4.499513267805775,5.362311101832846
7,51,7.11120167406552,5.508350480378955,1.6142587589498285,11.29070414101796,67.03520501112779,4.405242737348862,5.440021730198796
7,52,7.007841587602454,5.550819900213653,1.626088795422519,11.290704141017956,67.5611482429413,4.309630327279608,5.516075275247054
7,53,6.899133971320152,5.592921264909097,1.6376968493896191,11.290704141017954,68.09228558428902,4.2127051620643385,5.59044857033105
7,54,6.785119121724802,5.634603280437625,1.6490763044743102,11.290704141017956,68.62844300247184,4.114496766047312,5.663118960624632
7,55,6.665844313390147,5.6758151636839385,1.6602207011841672,11.290704141017956,69.16944916856949,4.015035054457322,5.7340643100229425
7,56,6.541363750889879,5.7165067043165045,1.671123739305996,11.290704141017953,69.71513543735041,3.914350324295228,5.803263007885292
7,57,6.411738509588071,5.756628325961116,1.6817792801090634,11.290704141017958,70.26533581994494,3.8124732451051897,5.870693975617968
7,58,6.277036465540938,5.796131146602059,1.6921813483697996,11.290704141017954,70.81988694989208,3.7094348496324345,5.936336673094982
7,59,6.137332214768761,5.834967038137325,1.7023241342304312,11.290704141017956,71.37862804313906,3.605266524370379,6.000171104914786
7,60,5.992706982161776,5.873088685015291,1.7122019949033642,11.290704141017954,71.94140085253669,3.500000000000001,6.06217782649107
7,61,5.843248520288539,5.9104496418814225,1.721809456232537,11.290704141017956,72.50804961734242,3.3936673417243597,6.12233794997577
7,62,5.689050998379462,5.947004390164795,1.731141214122311,11.290704141017956,73.078421008208,3.286300939501236,6.180633150012488
7,63,5.530214881762119,5.982708393535453,1.7401921358438714,11.290704141017953,73.65236406809812,3.1779334981768277,6.237045669318574
7,64,5.366846802028752,6.017518152165067,1.7489572612285,11.290704141017954,74.22973014955356,3.0685980275235423,6.2915583240941695
7,65,5.199059418219692,6.05139125572478,1.7574318037564776,11.290704141017958,74.8103728486825,2.9583278321848963,6.3441545092565494
7,66,5.026971269310036,6.084286435055657,1.765611151549832,11.290704141017953,75.3941479362344,2.8471565015306015,6.394818203498206
7,67,4.850706618289878,6.116163612448799,1.7734908682765682,11.290704141017954,75.9809132860821,2.735117899424916,6.4435339741670825
7,68,4.670395288131654,6.146983950473851,1.7810666939734923,11.290704141017956,76.57052880141136,2.6222461539113837,6.490286981967512
7,69,4.48617248994118,6.17670989929644,1.78833454579425,11.290704141017954,77.1628563388911,2.5085756468171025,6.535062985480412
7,70,4.2981786435918465,6.205305242426858,1.7952905186886925,11.290704141017953,77.75775963107344,2.3941410032796817,6.5778483455013586
7,71,4.1065591911444175,6.232735140844275,1.8019308860192333,11.290704141017954,78.35510420724933,2.278977081200097,6.618630029195217
7,72,3.9114644033576336,6.258966175442722,1.8082521001194225,11.290704141017954,78.95475731296438,2.163118960624632,6.657395614066075
7,73,3.713049179597659,6.283966387747121,1.8142507927995455,11.290704141017953,79.55658782837868,2.0466019330591574,6.694133291741248
7,74,3.5114728414570844,6.307705318849767,1.8199237758036673,11.290704141017958,80.16046618563563,1.9294614907189942,6.728831871568232
7,75,3.3068989203968866,6.330154046519815,1.8252680412221662,11.290704141017958,80.76626428538678,1.8117333157176452,6.761480784023478
7,76,3.0994949397273013,6.351285220440555,1.8302807618634693,11.290704141017956,81.37385541260355,1.6934532691976738,6.792070083931975
7,77,2.8894321912461076,6.371073095531581,1.8349592915883575,11.290704141017956,81.98311415179087,1.5746573804070545,6.820590453496647
7,78,2.67688550685523,6.389493563315174,1.8393011656099134,11.290704141017954,82.59391630170396,1.4553818357243162,6.847033205136639
7,79,2.4620330254789033,6.406524181288802,1.8433041007618982,11.290704141017954,83.2061387896564,1.3356629676358145,6.871390284133648
7,80,2.245055955608919,6.422144200267827,1.8469659957380662,11.290704141017958,83.81965958549557,1.2155372436685128,6.893654271085456
7,81,2.0261383338045347,6.436334589665202,1.8502849313046785,11.290704141017958,84.43435761531059,1.0950412552816164,6.913818384165964
7,82,1.805466779476693,6.449078060677311,1.853259170488244,11.290704141017956,85.05011267492863,0.9742117067204583,6.931876481190993
7,83,1.5832302462880556,6.460359087347702,1.8558871587402765,11.290704141017954,85.66680534324533,0.8530854038360325,6.947823061489254
7,84,1.3596197705020894,6.470163925483091,1.8581675240806688,11.290704141017954,86.28431689542845,0.7316992428735742,6.961653267577913
7,85,1.1348282166160477,6.478480629398527,1.8600990772210646,11.290704141017954,86.90252921602578,0.610090199233607,6.973362886642219
7,86,0.909050020614125,6.485299066471379,1.8616808116694352,11.290704141017953,87.52132471200274,0.4882953162088766,6.982948351818769
7,87,0.6824809311783392,6.490610929486376,1.862911903816884,11.290704141017954,88.14058622572921,0.3663516937006078,6.9904067432820165
7,88,0.4553177491957856,6.494409746756661,1.8637917130075288,11.290704141017954,88.76019694793135,0.24429647691750755,6.99573578913367
7,89,0.22775806590189834,6.496690890008555,1.8643197815921533,11.290704141017956,89.38004033061931,0.12216684506098519,6.998933866094739
7,90,7.991720997102045e-16,6.497451580020387,1.8644958349661522,11.290704141017954,90.0,4.286263797015736e-16,7.0
8,0,7.224378255771694,4.0,0.9030472819714618,11.93649864910142,47.91647143816213,8.0,0.0
8,1,7.338016357714795,4.00099355430117,0.917391767924091,11.936498649101418,47.92435132300289,7.99878156125113,0.1396192514982681
8,2,7.4511061501203955,4.003973006711806,0.9319559911742646,11.93649864910142,47.947982710779826,7.995126616152766,0.27919597362000775
8,3,7.563499928619639,4.008934727228096,0.9467349584346195,11.936498649101418,47.98734084164381,7.989036278036591,0.4186876499435507
8,4,7.675044266506276,4.015872670757887,0.9617232427966962,11.93649864910142,48.04238458333255,7.980512402078594,0.5580517899530024
8,5,7.78558026755348,4.024778384485695,0.9769149899195282,11.93649864910142,48.11305663076448,7.969557584733964,0.6972459419812653
8,6,7.894943850856368,4.035641018171163,0.9923039260906438,11.936498649101418,48.199283782234126,7.956175162946186,0.8362277061412278
8,7,8.002966066382747,4.048447337368406,1.007883368086796,11.93649864910142,48.300977289053186,7.940369213130576,0.9749547472411798
8,8,8.109473439633087,4.063181739550143,1.023646234743611,11.93649864910142,48.418033274692405,7.922144549932563,1.1133848076805235
8,9,8.214288343554408,4.079826273116977,1.0395850601269674,11.936498649101422,48.55033321876835,7.901506724761102,1.251475720321847
8,10,8.317229395625748,4.098360659268651,1.055692008184597,11.936498649101418,48.697744500600386,7.878462024097664,1.3891854213354426
8,11,8.418111877838466,4.118762316710643,1.0719588887443543,11.93649864910142,48.86012099654481,7.853017467581312,1.5264719630123584
8,12,8.516748177134652,4.141006389165992,1.0883771747159365,11.93649864910142,49.0373037249023,7.8251808058704455,1.6632935265420747
8,13,8.612948243743492,4.165065775658851,1.104938020345728,11.93649864910142,49.22912153189565,7.794960518281882,1.79960843475092
8,14,8.706520064768009,4.190911163532841,1.1216322803697834,11.93649864910142,49.43539181202619,7.762365810207972,1.9353751647973418
8,15,8.797270150323616,4.218511064164015,1.1384505299078338,11.936498649101418,49.655921256039406,7.7274066103125465,2.070552360820166
8,16,8.885004029513713,4.247831851324891,1.155383084941397,11.93649864910142,49.89050661975583,7.690093567506551,2.2050988465359933
8,17,8.969526753544125,4.278837802152837,1.172420023221503,11.936498649101418,50.138935507147444,7.6504380477042835,2.338973637781894
8,18,9.050643403325411,4.311491140672869,1.1895512054559922,11.936498649101418,50.400987161251706,7.608452130361228,2.472135954999579
8,19,9.128159598986368,4.34575208382186,1.206766296632576,11.93649864910142,50.676433256806355,7.564148604794535,2.6045452356572536
8,20,9.201882008820714,4.381578889918078,1.224054787341625,11.936498649101422,50.96503868884545,7.517540966287267,2.7361611466053497
8,21,9.27161885530781,4.4189279095169915,1.2414060149717054,11.936498649101418,51.26656235190987,7.468643411977614,2.866943596362402
8,22,9.337180415984047,4.457753638591395,1.2588091846609408,11.936498649101418,51.58075790498078,7.417470836534299,2.996852747327296
8,23,9.398379517090422,4.498008773971055,1.2762533898980697,11.93649864910142,51.9073745177311,7.364038827619523,3.12584902791419
8,24,9.455032018080244,4.53964427097434,1.2937276326783593,11.93649864910142,52.24615759419548,7.308363661140807,3.2538931446064017
8,25,9.506957285235508,4.582609403161608,1.3112208431310568,11.93649864910142,52.59684947047396,7.2504622962931995,3.3809460939255955
8,26,9.55397865280808,4.62685182413756,1.3287218985466,11.93649864910142,52.95919008359767,7.190352370393336,3.5069691743126192
8,27,9.595923870269752,4.67231763132726,1.3462196417432006,11.93649864910142,53.33291760918855,7.128052193506943,3.631923997916374
8,28,9.632625534420756,4.71895143164812,1.363702898723431,11.93649864910142,53.717769066031515,7.063580742871416,3.7557725022871264
8,29,9.663921505267515,4.766696408997831,1.381160495582009,11.936498649101418,54.11348088614044,6.996957657115166,3.8784769619706965
8,30,9.689655304735362,4.815494393476045,1.3985812746359116,11.936498649101422,54.51978944933379,6.92820323027551,3.9999999999999996
8,31,9.7096764974293,4.865285932255428,1.4159541097572244,11.936498649101418,54.93643158173826,6.857338405616899,4.120304599280433
8,32,9.723841052794508,4.916010362015776,1.4332679208976296,11.93649864910142,55.3631450180061,6.784384769251408,4.239354113865639
8,33,9.732011688157414,4.967605882852926,1.4505116878011626,11.936498649101422,55.79966882736286,6.709364543563392,4.357112280120217
8,34,9.734058192247254,5.020009633572417,1.4676744629087644,11.93649864910142,56.24574380389619,6.632300580440334,4.473543227765975
8,35,9.729857728907046,5.073157768276177,1.4847453834642468,11.936498649101418,56.70111282175296,6.553216354311934,4.588611490808368
8,36,9.71929512080147,5.126985534148913,1.501713682836581,11.936498649101418,57.16552115613235,6.47213595499958,4.702282018339785
8,37,9.702263113017725,5.18142735034944,1.518568701077915,11.93649864910142,57.6387167711482,6.389084080378343,4.814520185216386
8,38,9.678662616534398,5.2364168879108375,1.5352998947405223,11.936498649101418,58.12045057578624,6.304086028853775,4.925291802605266
8,39,9.648402931602774,5.291887150552074,1.5518968459789437,11.93649864910142,58.610476649303195,6.217167691655767,5.034563128398699
8,40,9.611401951145778,5.347770556302661,1.568349270966023,11.936498649101418,59.108552437507115,6.128355544951824,5.142300877492314
8,41,9.567586344332433,5.403999019840872,1.584647027653391,11.936498649101418,59.61443892142582,6.037676641782176,5.248472231924058
8,42,9.516891720530667,5.460504035445213,1.6007801229082503,11.93649864910142,60.127900759912414,5.945158603819154,5.353044850870866
8,43,9.459262773879535,5.517216760458103,1.6167387190591451,11.936498649101422,60.64870640775965,5.850829612953364,5.455986880499988
8,44,9.394653408754003,5.574068099160039,1.6325131398838184,11.936498649101418,61.176628210898876,5.7547184027092095,5.557266963671978
8,45,9.323026846421872,5.63098878695209,1.6480938760722845,11.936498649101422,61.71144248024677,5.656854249492381,5.656854249492381
8,46,9.244355713214066,5.68790947474414,1.6634715901979693,11.93649864910142,62.25292954573775,5.557266963671978,5.7547184027092095
8,47,9.158622110546954,5.744760813446075,1.6786371212292315,11.936498649101422,62.80087379204337,5.455986880499988,5.850829612953364
8,48,9.065817667148881,5.801473538458966,1.6935814886127845,11.936498649101418,63.35506367743277,5.353044850870866,5.945158603819154
8,49,8.965943573853815,5.857978554063307,1.7082958959596046,11.93649864910142,63.91529173717555,5.248472231924058,6.037676641782176
8,50,8.859010601332704,5.914207017601517,1.7227717343627844,11.936498649101422,64.48135457282815,5.142300877492315,6.128355544951824
8,51,8.74503910113895,5.970090423352105,1.7370005853755992,11.93649864910142,65.05305282868083,5.0345631283987,6.217167691655767
8,52,8.624058990448143,6.025560685993342,1.750974223676735,11.93649864910142,65.63019115657633,4.925291802605266,6.304086028853776
8,53,8.496109720874669,6.080550223554739,1.7646846194482855,11.936498649101418,66.21257817024119,4.814520185216387,6.389084080378343
8,54,8.361240231749074,6.134992039755266,1.778123940490737,11.93649864910142,66.8000263902022,4.702282018339785,6.47213595499958
8,55,8.219508888240494,6.188819805628002,1.791284554097753,11.936498649101418,67.39235218029052,4.588611490808368,6.553216354311934
8,56,8.07098340470822,6.241967940331763,1.804159028712182,11.936498649101418,67.98937567666655,4.473543227765974,6.632300580440334
8,57,7.915740753665962,6.294371691051254,1.8167401353833277,11.936498649101422,68.59092071023234,4.357112280120217,6.709364543563392
8,58,7.7538670607413875,6.345967211888404,1.8290208490441608,11.93649864910142,69.19681472323096,4.239354113865639,6.7843847692514085
8,59,7.585457486012743,6.3966916416487525,1.8409943496258654,11.936498649101422,69.8068886807699,4.120304599280433,6.857338405616899
8,60,7.41061609210322,6.446483180428134,1.8526540230258046,11.936498649101416,70.420976977944,4.000000000000001,6.928203230275509
8,61,7.229455699413097,6.495281164906348,1.863993461943817,11.93649864910142,71.03891734317452,3.878476961970697,6.996957657115166
8,62,7.042097728868906,6.54302614225606,1.8750064666005537,11.93649864910142,71.66055073832621,3.755772502287127,7.063580742871415
8,63,6.848672032568509,6.589659942576917,1.8856870453505015,11.936498649101416,72.28572125611068,3.6319239979163744,7.128052193506942
8,64,6.649316712700805,6.635125749766619,1.896029415201261,11.93649864910142,72.9142760152353,3.5069691743126197,7.190352370393336
8,65,6.444177929118866,6.679368170742572,1.9060280022496814,11.936498649101418,73.54606505370987,3.3809460939255955,7.2504622962931995
8,66,6.233409695945848,6.72233330292984,1.9156774420445373,11.936498649101418,74.18094122067922,3.2538931446064017,7.308363661140807
8,67,6.017173667593604,6.763968799933124,1.9249725798845543,11.93649864910142,74.81876006710992,3.1258490279141897,7.364038827619523
8,68,5.795638914575075,6.804223935312785,1.9339084710597945,11.936498649101418,75.45937973562009,2.9968527473272957,7.417470836534299
8,69,5.568981689492756,6.843049664387188,1.942480381043672,11.936498649101422,76.1026608497069,2.866943596362403,7.468643411977614
8,70,5.337385183587121,6.8803986839861,1.9506837856421608,11.936498649101418,76.74846640259314,2.7361611466053506,7.5175409662872665
8,71,5.101039274230746,6.916225490082319,1.9585143711061344,11.936498649101416,77.3966616458842,2.604545235657254,7.564148604794534
8,72,4.8601402637557545,6.95048643323131,1.9659680342121721,11.936498649101418,78.04711397819905,2.4721359549995796,7.608452130361228
8,73,4.614890610004538,6.9831397717513415,1.9730408823166352,11.936498649101418,78.69969283391316,2.338973637781894,7.6504380477042835
8,74,4.36549864899596,7.014145722579288,1.9797292333873173,11.936498649101418,79.35426957212798,2.2050988465359933,7.690093567506551
8,75,4.112178310101758,7.043466509740165,1.9860296160165127,11.93649864910142,80.01071736596,2.070552360820166,7.7274066103125465
8,76,3.8551488241303886,7.071066410371339,1.991938769418937,11.936498649101418,80.6689110922232,1.9353751647973414,7.762365810207972
8,77,3.5946344247181883,7.096911798245328,1.9974536434175556,11.936498649101418,81.32872722156083,1.7996084347509194,7.794960518281882
8,78,3.330864043430337,7.1209711847381865,2.0025713984200237,11.936498649101418,81.990043709066,1.6632935265420756,7.825180805870445
8,79,3.0640709989767503,7.143215257193537,2.007289405388143,11.936498649101422,82.65273988541689,1.5264719630123593,7.853017467581312
8,80,2.7944926809506487,7.1636169146355275,2.0116052458024387,11.93649864910142,83.31669634853819,1.3891854213354433,7.878462024097664
8,81,2.5223702285000176,7.182151300787202,2.015516711623721,11.936498649101418,83.98179485578937,1.2514757203218474,7.901506724761102
8,82,2.2479482043446684,7.198795834354037,2.0190218052532454,11.936498649101422,84.64791821666996,1.1133848076805237,7.922144549932563
8,83,1.9714742645539411,7.213530236535774,2.0221187394928872,11.936498649101415,85.31495018602165,0.9749547472411799,7.940369213130576
8,84,1.6931988245022438,7.226336555733017,2.0248059375065544,11.936498649101418,85.98277535770039,0.8362277061412277,7.956175162946186
8,85,1.4133747214216896,7.237199189418484,2.0270820327838734,11.93649864910142,86.65127905868268,0.6972459419812651,7.969557584733964
8,86,1.132256873972936,7.24610490314629,2.0289458691070457,11.936498649101413,87.32034724356542,0.5580517899530019,7.980512402078594
8,87,0.8501019392570067,7.253042846676083,2.030396500521616,11.936498649101422,87.98986638941253,0.41868764994355173,7.989036278036591
8,88,0.5671679676922855,7.258004567192375,2.0314331913117507,11.936498649101418,88.65972339089717,0.27919597362000864,7.995126616152766
8,89,0.2837140561822053,7.260984019603011,2.0320554159805333,11.936498649101425,89.32980545568489,0.1396192514982688,7.99878156125113
8,90,9.955216822355793e-16,7.261977573904179,2.0322628592356184,11.936498649101416,90.0,4.898587196589413e-16,8.0
9,0,8.127425537743155,4.0,0.9030472819714618,12.628539107909514,44.547305701430105,9.0,0.0
9,1,8.271545383843986,4.001257467162417,0.9192005969080443,12.628539107909514,44.55617042568222,8.998629256407522,0.1570716579355516
9,2,8.41556368533351,4.005028336619629,0.9356325937999196,12.628539107909514,44.58275354670881,8.994517443171862,0.31409547032250873
9,3,8.559291000369752,4.01130801414806,0.9523374787910168,12.628539107909512,44.627021974820074,8.987665812791164,0.4710236061864945
9,4,8.702529000753652,4.020088848927951,0.9693088544024375,12.628539107909514,44.68892077794719,8.978076452338417,0.6278082636971277
9,5,8.845070828899958,4.031360142864709,0.9865397291695285,12.628539107909514,44.76837350457545,8.96575228282571,0.7844016847289235
9,6,8.986701509224762,4.045108163622879,1.0040225303879386,12.628539107909512,44.86528262955636,8.950697058314459,0.9407561694088813
9,7,9.127198411398815,4.0613161613568876,1.0217491198218556,12.628539107909514,44.97953011669263,8.932915364771898,1.0968240906463274
9,8,9.266331762351346,4.07996438911815,1.0397108121919363,12.628539107909514,45.11097809050595,8.912412618674134,1.252557908640589
9,9,9.40386520340734,4.101030126913674,1.0578983962290263,12.628539107909516,45.25946960829512,8.88919506535624,1.407910185362078
9,10,9.539556388511329,4.124487709386886,1.0763021580532304,12.628539107909514,45.42482952249678,8.863269777109872,1.562833599002373
9,11,9.673157619139078,4.150308557086906,1.09491190661669,12.628539107909514,45.60686542249226,8.834644651028976,1.7172809583889033
9,12,9.804416511229707,4.178461211288209,1.1137170009327881,12.628539107909514,45.8053686443708,8.803328406604251,1.8712052173598341
9,13,9.933076689285839,4.208911372318233,1.1327063788045377,12.628539107909512,46.02011533676658,8.769330583067116,2.024559489094785
9,14,10.058878502687442,4.241621941346252,1.1518685867604859,12.628539107909514,46.25086757072826,8.732661536483969,2.1772970603970094
9,15,10.181559759243205,4.27655306558258,1.1711918109073678,12.628539107909514,46.497374481645444,8.693332436601615,2.3293714059226867
9,16,10.30085647105617,4.313662186833065,1.190663908414563,12.628539107909512,46.75937343152849,8.65135526344487,2.4807362023529924
9,17,10.416503607901037,4.352904093349684,1.210272439355639,12.628539107909512,47.03659118039596,8.606742803667318,2.631345342504631
9,18,10.528235853491482,4.394230974914099,1.2300046986463586,12.628539107909512,47.328745056141976,8.559508646656381,2.7811529493745266
9,19,10.63578836024755,4.437592481087042,1.2498477478358085,12.628539107909514,47.635544113006524,8.509667180393851,2.9301133901144105
9,20,10.738897498446882,4.482935782552569,1.2697884465271496,12.628539107909514,47.95669026962732,8.457233587073176,3.0781812899310186
9,21,10.837301595949441,4.530205635482443,1.2898134832262032,12.628539107909514,48.29187941858351,8.402223838474816,3.2253115459077026
9,22,10.930741665014335,4.579344448842234,1.3099094054390414,12.628539107909514,48.64080250032173,8.344654691101088,3.371459340743208
9,23,11.01896211307067,4.630292354557115,1.330062648863346,12.628539107909514,49.00314653535881,8.284543681071963,3.5165801564034638
9,24,11.10171143465395,4.682987280451898,1.3502595655419583,12.628539107909514,49.37859560965779,8.221909118783408,3.660629787682202
9,25,11.17874288206805,4.737365025876409,1.3704864508703347,12.628539107909514,49.766831809057166,8.15677008332985,3.803564355666295
9,26,11.249815112674275,4.7933593399241,1.3907295693720558,12.628539107909514,50.16753609957631,8.089146416692504,3.9453403211016966
9,27,11.314692811037778,4.8509020021485645,1.4109751791778422,12.628539107909512,50.58038915131253,8.01905871769531,4.085914497655921
9,28,11.373147284473983,4.909922905679651,1.4312095551634008,12.628539107909514,51.00507210447264,7.946528335730343,4.225244065073017
9,29,11.42495703082969,4.970350142637879,1.4514190107196683,12.628539107909514,51.441267276839156,7.871577364254562,4.363286582217033
9,30,11.469908277603716,5.032110091743119,1.471589918145516,12.628539107909512,51.88865881265065,7.794228634059948,4.499999999999999
9,31,11.50779549175799,5.095127508010775,1.4917087276676542,12.628539107909514,52.34693327347722,7.714505706319011,4.635342674190487
9,32,11.538421859791791,5.159325614426216,1.5117619851052884,12.62853910790951,52.81578017219205,7.632432865407834,4.769273378098844
9,33,11.561599737849152,5.224626195485733,1.5317363482081157,12.628539107909512,53.29489245158391,7.548035111508817,4.901751315135244
9,34,11.577151071802344,5.29094969249009,1.551618601705468,12.628539107909514,53.78396690952191,7.461338152995376,5.032736131236722
9,35,11.5849077874046,5.358215300474537,1.5713956711120267,12.628539107909512,54.28270457288074,7.372368398600926,5.162187927159414
9,36,11.58471215073306,5.426341066657219,1.591054635341539,12.628539107909512,54.790811022664606,7.281152949374527,5.2900672706322585
9,37,11.576417099250671,5.495243990286011,1.6105827381845805,12.628539107909512,55.30799667293781,7.187719590425635,5.416335208368435
9,38,11.559886543904629,5.564840123762154,1.6299673987097083,12.628539107909514,55.83397700628536,7.092096782460497,5.5409532779309245
9,39,11.534995642750712,5.635044674917469,1.6491962206494981,12.628539107909512,56.36847276859375,6.994313653112738,5.663883519448537
9,40,11.501631046649639,5.705772110320557,1.6682570008340982,12.628539107909514,56.91121012596694,6.894399988070802,5.785088487178854
9,41,11.459691117624647,5.776936259486103,1.6871377367351799,12.628539107909512,57.46192078658054,6.792386222004948,5.904531260914565
9,42,11.409086120501053,5.848450419860349,1.7058266331826724,12.628539107909514,58.020342090235324,6.688303429296548,6.022175457229724
9,43,11.349738388469932,5.920227462454787,1.7243121083155395,12.628539107909514,58.58621706830255,6.582183314572534,6.137985240562486
9,44,11.28158246323103,5.992179937999424,1.7425827988262264,12.628539107909512,59.15929447666605,6.474058203047861,6.251925334130975
9,45,11.204565210375657,6.064220183486239,1.7606275645563336,12.628539107909512,59.73932880416025,6.3639610306789285,6.3639610306789285
9,46,11.118645910670443,6.136260428973053,1.7784354924987196,12.628539107909512,60.32608025888725,6.251925334130975,6.474058203047861
9,47,11.02379632789812,6.208212904517689,1.795995900258616,12.628539107909512,60.919314734669314,6.137985240562486,6.582183314572534
9,48,10.920000753903125,6.279989947112128,1.813298339023563,12.628539107909512,61.51880375976257,6.022175457229724,6.688303429296548
9,49,10.807256031478962,6.351504107486374,1.830332596089093,12.628539107909512,62.12432442982188,5.904531260914565,6.792386222004948
9,50,10.685571555721321,6.42266825665192,1.8470886969841713,12.628539107909514,62.73565932697188,5.785088487178855,6.894399988070802
9,51,10.554969254456719,6.4933956920550076,1.8635569072374567,12.628539107909516,63.352596426704004,5.663883519448538,6.994313653112738
9,52,10.415483548341742,6.563600243210324,1.8797277338225529,12.628539107909514,63.974928994186826,5.5409532779309245,7.092096782460498
9,53,10.267161291212856,6.633196376686465,1.8955919263175804,12.628539107909514,64.60245547144817,5.4163352083684355,7.187719590425635
9,54,10.110061691251902,6.702099300315258,1.9111404778116492,12.628539107909514,65.23497935676353,5.2900672706322585,7.281152949374527
9,55,9.944256213518143,6.7702250664979395,1.9263646255881557,12.628539107909512,65.87230907746554,5.162187927159414,7.372368398600926
9,56,9.769828464384021,6.837490674482387,1.9412558516123177,12.628539107909512,66.51425785727662,5.032736131236721,7.461338152995376
9,57,9.586874058399157,6.903814171486744,1.955805882847944,12.628539107909514,67.16064357915954,4.901751315135244,7.548035111508817
9,58,9.395500468095454,6.969114752546261,1.970006691426178,12.628539107909514,67.81128864457982,4.769273378098844,7.632432865407835
9,59,9.195826857235776,7.033312858961702,1.983850494686831,12.628539107909512,68.46601982997929,4.635342674190487,7.714505706319011
9,60,8.98798389799919,7.096330275229358,1.9973297551109306,12.628539107909512,69.12466814117255,4.500000000000001,7.794228634059947
9,61,8.772113572587859,7.158090224334597,2.010437180161256,12.628539107909512,69.78706866629578,4.363286582217034,7.871577364254562
9,62,8.548368959733743,7.218517461292825,2.0231657220459325,12.628539107909518,70.45306042786206,4.225244065073018,7.946528335730342
9,63,8.316914006577463,7.277538364823911,2.035508577418557,12.628539107909516,71.12248623440723,4.085914497655922,8.01905871769531
9,64,8.077923286387298,7.335081027048379,2.047459187026892,12.628539107909514,71.79519253214697,3.945340321101697,8.089146416692504
9,65,7.831581742582665,7.391075341096068,2.0590112353208117,12.628539107909507,72.47102925700567,3.803564355666295,8.15677008332985
9,66,7.5780844195240915,7.445453086520578,2.070158650028989,12.628539107909514,73.14984968732567,3.660629787682202,8.221909118783408
9,67,7.317636180530032,7.498148012415362,2.0808956017126734,12.628539107909512,73.83151029751498,3.5165801564034633,8.284543681071963
9,68,7.050451413580437,7.549095918130243,2.091216503303946,12.628539107909514,74.51587061284839,3.3714593407432076,8.344654691101088
9,69,6.776753725166887,7.5982347314900345,2.1011160096348758,12.62853910790952,75.2027930655957,3.2253115459077035,8.402223838474816
9,70,6.496775622750134,7.645504584419908,2.1105890169632353,12.628539107909512,75.89214285261511,3.0781812899310195,8.457233587073175
9,71,6.210758186287316,7.690847885885435,2.1196306624996537,12.62853910790951,76.58378779451621,2.930113390114411,8.509667180393851
9,72,5.918950729292967,7.734209392058377,2.128236323940444,12.628539107909512,77.2775981964684,2.781152949374527,8.559508646656381
9,73,5.621610449900697,7.775536273622791,2.1364016190097646,12.628539107909512,77.97344671070297,2.631345342504631,8.606742803667318
9,74,5.319002072394943,7.814778180139411,2.1441224050142207,12.628539107909514,78.67120820073431,2.4807362023529924,8.65135526344487
9,75,5.011397479685646,7.851887301389896,2.1513947784125835,12.628539107909514,79.37075960730392,2.3293714059226867,8.693332436601615
9,76,4.699075337201878,7.886818425626226,2.1582150744028685,12.628539107909514,80.07197981603181,2.177297060397009,8.732661536483969
9,77,4.382320708684149,7.919528994654243,2.164579866528674,12.628539107909514,80.77474952674388,2.0245594890947842,8.769330583067116
9,78,4.061424664358765,7.949979155684266,2.1704859663063605,12.62853910790951,81.47895112442792,1.871205217359835,8.80332840660425
9,79,3.7366838819812944,7.97813180988557,2.175930422874383,12.628539107909512,82.18446855175861,1.7172809583889042,8.834644651028976
9,80,3.4084002412400256,8.00395265758559,2.1809105226658545,12.628539107909512,82.89118718311944,1.5628335990023738,8.863269777109872
9,81,3.076880412013819,8.027410240058803,2.185423789105215,12.628539107909516,83.59899370003986,1.4079101853620783,8.88919506535624
9,82,2.7424354369824426,8.048475977854329,2.1894679823297185,12.628539107909514,84.30777596795703,1.2525579086405891,8.912412618674134
9,83,2.405380309090821,8.067124205615588,2.193041098936292,12.62853910790951,85.01742291420301,1.0968240906463274,8.932915364771898
9,84,2.0660335443718685,8.083332203349599,2.1961413717542233,12.628539107909514,85.72782440711256,0.9407561694088811,8.950697058314459
9,85,1.724716750635567,8.097080224107769,2.1987672696439984,12.628539107909514,86.43887113613997,0.7844016847289232,8.96575228282571
9,86,1.381754192534714,8.108351518044525,2.2009174973225782,12.628539107909514,87.1504544928691,0.6278082636971271,8.978076452338417
9,87,1.0374723535202102,8.117132352824417,2.202590995215294,12.628539107909512,87.86246645279594,0.4710236061864957,8.987665812791164
9,88,0.6921994952008765,8.12341203035285,2.203786939334508,12.628539107909516,88.57479945776046,0.31409547032250973,8.994517443171862
9,89,0.3462652146247373,8.12718289981006,2.2045047411851497,12.628539107909512,89.28734629890056,0.1570716579355524,8.998629256407522
9,90,1.215014733428199e-15,8.128440366972477,2.204744047697198,12.628539107909514,90.0,5.51091059616309e-16,9.0
